,0
LAN Centers,1
Tabletop Games,1
Personal Shopping,1
Tattoo,1
Tax Services,1
Taxis,1
Champagne Bars,1
Fuzhou,1
Gardeners,1
Tennis,1
Persian/Iranian,1
Cardio Classes,1
Car Rental,1
Party Supplies,1
Chiropractors,1
Cannabis Dispensaries,1
Ticket Sales,1
Outdoor Gear,1
Tires,1
Golf Lessons,1
Olive Oil,1
Business Consulting,1
Toy Stores,1
Traditional Chinese Medicine,1
Buddhist Temples,1
Train Stations,1
Reflexology,1
Hair Salons,1
Head Shops,1
General Dentistry,1
Furniture Reupholstery,1
Pest Control,1
Plumbing,1
Dry Cleaning & Laundry,1
Real Estate Agents,1
Emergency Rooms,1
Escape Games,1
Public Transportation,1
Saunas,1
Scandinavian,1
Ethnic Grocery,1
Dermatologists,1
Dentists,1
Shipping Centers,1
Public Art,1
Day Spas,1
Property Management,1
Customized Merchandise,1
Propane,1
Printing Services,1
Financial Advising,1
Couriers & Delivery Services,1
Costumes,1
South African,1
Conveyor Belt Sushi,1
Speakeasies,1
Special Education,1
Comic Books,1
Fishing,1
Sports Betting,1
Floral Designers,1
Sports Wear,1
Nail Technicians,1
Unofficial Yelp Events,1
Hainan,1
Austrian,1
Bangladeshi,1
Visitor Centers,1
Hunting & Fishing Supplies,1
Axe Throwing,1
Auto Repair,1
Urologists,1
Australian,1
Watches,1
Mobile Phone Repair,1
Weight Loss Centers,1
Art Supplies,1
Art Museums,1
Mini Golf,1
Banks & Credit Unions,1
Medical Supplies,1
Antiques,1
Marketing,1
Airports,1
Airport Shuttles,1
Airport Lounges,1
Airlines,1
Life Coach,1
Laundry Services,1
Laundromat,1
Adult,1
Women's Clothing,1
Accountants,1
Knitting Supplies,1
Israeli,1
Bar Crawl,1
Recycling Center,1
Barbers,1
Bike Rentals,1
Vinyl Records,1
Home Health Care,1
Nail Salons,1
Used Bookstore,1
Bistros,1
Beer Tours,1
Beer Hall,1
Boat Charters,1
Boating,1
Boat Tours,1
Used,1
Barre Classes,1
Vintage & Consignment,1
Hungarian,1
Body Contouring,1
Bookkeepers,1
Mountain Biking,1
Hotel bar,1
Japanese Curry,2
Recreation Centers,2
Naturopathic/Holistic,2
Eyewear & Opticians,2
Jewelry,2
Gyms,2
Kitchen Supplies,2
Herbal Shops,2
Himalayan/Nepalese,2
Financial Services,2
Mass Media,2
Mongolian,2
IT Services & Computer Repair,2
Party Equipment Rentals,2
Pilates,2
Playgrounds,2
Food Banks,2
Hospitals,2
Georgian,2
Pop-up Shops,2
Music & DVDs,2
Paint & Sip,2
Hong Kong Style Cafe,2
Men's Clothing,2
Popcorn Shops,2
Medical Spas,2
Medical Centers,2
Massage Therapy,2
Print Media,2
Historical Tours,2
Sicilian,2
Religious Organizations,2
Swimming Pools,2
Teppanyaki,2
Cannabis Clinics,2
Cinema,2
Supper Clubs,2
Strip Clubs,2
Colleges & Universities,2
Transportation,2
Travel Services,2
Urgent Care,2
Cards & Stationery,2
Bike Repair/Maintenance,2
Vape Shops,2
Bikes,2
Casinos,2
Accessories,2
Art Classes,2
Armenian,2
Restaurant Supplies,2
Acupuncture,2
Apartments,2
Wine Tasting Classes,2
Sardinian,2
Bartenders,2
Themed Cafes,3
Tiki Bars,3
Golf,3
Tobacco Shops,3
Adult Education,3
Beaches,3
Wine Tasting Room,3
Doctors,3
Newspapers & Magazines,3
Ukrainian,3
Massage,3
Indoor Playcentre,3
Videos & Video Game Rental,3
Kids Activities,3
Burmese,3
Yoga,3
Tasting Classes,3
Team Building Activities,3
Skating Rinks,3
Fondue,3
Delicatessen,3
Senegalese,3
Cideries,3
Real Estate,3
Pet Adoption,3
Christmas Trees,3
Egyptian,3
Empanadas,4
Poutineries,4
Honey,4
Skin Care,4
Kombucha,4
Basque,4
Lebanese,4
Mobile Phones,4
Smokehouse,4
Izakaya,4
Macarons,4
Singaporean,4
Hobby Shops,4
Venezuelan,4
Nurseries & Gardening,4
Souvenir Shops,4
Candle Stores,4
Parks,4
Brewing Supplies,4
Cafeteria,4
Haitian,4
Sports Clubs,4
CSA,5
Appliances,5
Public Services & Government,5
Adult Entertainment,5
Piano Bars,5
Landmarks & Historical Buildings,5
Pool Halls,5
Salvadoran,5
Dinner Theater,5
Pets,5
Honduran,5
Home Services,5
Sporting Goods,5
Home Decor,5
Trinidadian,5
Public Markets,5
Arabic,5
Wholesalers,6
British,6
Argentine,6
Bowling,6
Nutritionists,6
Walking Tours,6
Eatertainment,6
Fitness & Instruction,6
Uzbek,6
Performing Arts,6
Malaysian,7
Museums,7
Afghan,7
Wholesale Stores,7
Peruvian,7
Social Clubs,8
Wedding Planning,8
Waffles,8
New Mexican Cuisine,8
Whiskey Bars,8
Shanghainese,8
Iberian,8
Beverage Store,8
Colombian,8
Dominican,8
Food Tours,8
Comedy Clubs,8
Brasseries,8
Community Service/Non-Profit,8
Festivals,9
Shopping Centers,9
Vitamins & Supplements,9
Laotian,9
Kebab,10
Portuguese,10
Bookstores,10
Furniture Stores,10
Kitchen & Bath,10
Belgian,10
Live/Raw Food,10
Cooking Schools,11
Fish & Chips,11
Gay Bars,11
Distilleries,11
Puerto Rican,11
Filipino,11
Moroccan,12
Florists,12
Brazilian,12
Personal Chefs,12
Art Galleries,12
Arcades,12
German,12
Polish,12
Jazz & Blues,12
Tours,13
Specialty Schools,13
Electronics,13
Pop-Up Restaurants,13
Cooking Classes,13
Professional Services,14
Pan Asian,14
Herbs & Spices,14
Cambodian,15
Do-It-Yourself Food,15
Wineries,15
Patisserie/Cake Shop,15
Food Court,16
Russian,16
Discount Store,16
Hawaiian,16
Indonesian,17
Party & Event Planning,17
Cuban,17
Acai Bowls,17
Ethiopian,18
Music & Video,18
Books,18
Gift Shops,18
Mags,18
Custom Cakes,19
Cosmetics & Beauty Supply,19
Taiwanese,19
Education,20
Hotels,20
Brewpubs,20
Pasta Shops,20
Butcher,21
Photography Stores & Services,21
Poke,21
Irish Pub,21
Arts & Crafts,21
Gas Stations,21
Tea Rooms,22
Local Services,22
Gelato,22
Turkish,22
Automotive,23
Kosher,23
Internet Cafes,24
Creperies,24
Beauty & Spas,24
International Grocery,24
Imported Food,25
Organic Stores,25
Hot Pot,26
Karaoke,26
Tapas Bars,26
Cantonese,27
African,28
Flowers & Gifts,28
Cheese Shops,29
Department Stores,29
Modern European,30
Falafel,31
Szechuan,31
Shaved Ice,31
Beer Gardens,31
Chocolatiers & Shops,32
Irish,33
Dance Clubs,34
Home & Garden,34
Ramen,35
Active Life,35
Pharmacy,36
Candy Stores,37
Pretzels,37
Cupcakes,37
Coffee Roasteries,37
Fashion,38
Hotels & Travel,38
Cajun/Creole,39
Pakistani,40
Seafood Markets,43
Hookah Bars,44
Dive Bars,45
Farmers Market,47
Wraps,47
Dim Sum,48
Health Markets,48
Buffets,49
Spanish,50
Music Venues,50
Tapas/Small Plates,51
Hot Dogs,52
Tex-Mex,54
Fruits & Veggies,54
Health & Medical,55
Tacos,56
Meat Shops,59
Southern,59
Breweries,61
Noodles,61
Greek,64
Gluten-Free,73
Street Vendors,75
Chicken Shop,77
Comfort Food,80
Local Flavor,81
Latin American,82
Beer Bar,82
Halal,91
Food Stands,94
French,95
Drugstores,95
Gastropubs,96
Bubble Tea,97
Soup,97
Wine Bars,98
Korean,98
Soul Food,100
Bagels,102
Steakhouses,106
Venues & Event Spaces,106
Caribbean,107
Ethnic Food,110
Thai,113
Middle Eastern,118
Indian,122
Donuts,124
Sports Bars,129
Diners,130
Lounges,130
Barbeque,133
Vietnamese,135
Arts & Entertainment,137
Food Delivery Services,138
Vegan,151
Food Trucks,167
Cheesesteaks,177
Cocktail Bars,179
Pubs,180
Mediterranean,182
Sushi Bars,184
Juice Bars & Smoothies,195
Vegetarian,205
Ice Cream & Frozen Yogurt,214
Convenience Stores,216
Asian Fusion,229
Japanese,237
Chicken Wings,240
Caterers,243
Wine & Spirits,257
Beer,257
Shopping,275
Salad,280
Delis,308
Mexican,315
Cafes,324
Grocery,329
Desserts,344
Seafood,359
Burgers,364
Fast Food,367
Event Planning & Services,368
Bakeries,373
Chinese,471
Specialty Food,482
Italian,505
American (Traditional),663
Breakfast & Brunch,687
American (New),751
Pizza,800
Coffee & Tea,894
Sandwiches,929
Bars,1018
Nightlife,1080
Food,3109
Restaurants,5854
